Delta_Secs, Player_Loc, Collision_Zone_loc, DTC_uu, Estimated_Gaze_FV
0.050171,X=0.000 Y=0.000 Z=0.000,X=150.000 Y=-560.000 Z=60.000,582.837885,X=1.000 Y=0.000 Z=0.000
0.4,X=110.050 Y=-187.400 Z=49.759,X=150.000 Y=-560.000 Z=60.000,374.875291,X=1.000 Y=0.000 Z=0.000
0.4,X=110.050 Y=-187.400 Z=49.759,X=150.000 Y=-560.000 Z=60.000,374.875291,X=1.000 Y=0.000 Z=0.000
0.155899,X=110.050 Y=-187.400 Z=49.759,X=150.000 Y=-560.000 Z=60.000,374.875291,X=1.000 Y=0.000 Z=0.000
0.061699,X=110.050 Y=-187.400 Z=49.759,X=150.000 Y=-560.000 Z=60.000,374.875291,X=1.000 Y=0.000 Z=0.000
0.05143,X=110.050 Y=-187.400 Z=49.759,X=150.000 Y=-560.000 Z=60.000,374.875291,X=1.000 Y=0.000 Z=0.000
0.051886,X=110.050 Y=-187.400 Z=49.759,X=150.000 Y=-560.000 Z=60.000,374.875291,X=1.000 Y=0.000 Z=0.000
0.066816,X=110.050 Y=-187.400 Z=49.759,X=150.000 Y=-560.000 Z=60.000,374.875291,X=1.000 Y=0.000 Z=0.000
0.066558,X=110.050 Y=-187.400 Z=49.759,X=150.000 Y=-560.000 Z=60.000,374.875291,X=1.000 Y=0.000 Z=0.000
0.066372,X=110.050 Y=-187.400 Z=49.759,X=150.000 Y=-560.000 Z=60.000,374.875291,X=1.000 Y=0.000 Z=0.000
0.067122,X=110.050 Y=-187.400 Z=49.759,X=150.000 Y=-560.000 Z=60.000,374.875291,X=1.000 Y=0.000 Z=0.000
0.066381,X=110.050 Y=-187.400 Z=49.759,X=150.000 Y=-560.000 Z=60.000,374.875291,X=1.000 Y=0.000 Z=0.000
0.067271,X=110.050 Y=-187.400 Z=49.759,X=150.000 Y=-560.000 Z=60.000,374.875291,X=1.000 Y=0.000 Z=0.000
0.06672,X=110.050 Y=-187.400 Z=49.759,X=150.000 Y=-560.000 Z=60.000,374.875291,X=1.000 Y=0.000 Z=0.000
0.066146,X=110.050 Y=-187.400 Z=49.759,X=150.000 Y=-560.000 Z=60.000,374.875291,X=1.000 Y=0.000 Z=0.000
0.066744,X=110.050 Y=-187.400 Z=49.759,X=150.000 Y=-560.000 Z=60.000,374.875291,X=1.000 Y=0.000 Z=0.000
0.066898,X=110.050 Y=-187.400 Z=49.759,X=150.000 Y=-560.000 Z=60.000,374.875291,X=1.000 Y=0.000 Z=0.000
0.092966,X=110.050 Y=-187.400 Z=49.759,X=150.000 Y=-560.000 Z=60.000,374.875291,X=1.000 Y=0.000 Z=0.000
0.072205,X=110.050 Y=-187.400 Z=49.759,X=150.000 Y=-560.000 Z=60.000,374.875291,X=1.000 Y=0.000 Z=0.000
0.06172,X=110.050 Y=-187.400 Z=49.759,X=150.000 Y=-560.000 Z=60.000,374.875291,X=1.000 Y=0.000 Z=0.000
0.066975,X=110.050 Y=-187.400 Z=49.759,X=150.000 Y=-560.000 Z=60.000,374.875291,X=1.000 Y=0.000 Z=0.000
0.066536,X=110.050 Y=-187.400 Z=49.759,X=150.000 Y=-560.000 Z=60.000,374.875291,X=1.000 Y=0.000 Z=0.000
0.066286,X=110.050 Y=-187.400 Z=49.759,X=150.000 Y=-560.000 Z=60.000,374.875291,X=1.000 Y=0.000 Z=0.000
0.066964,X=110.050 Y=-187.400 Z=49.759,X=150.000 Y=-560.000 Z=60.000,374.875291,X=1.000 Y=0.000 Z=0.000
0.068271,X=110.050 Y=-187.400 Z=49.759,X=150.000 Y=-560.000 Z=60.000,374.875291,X=1.000 Y=0.000 Z=0.000
0.065213,X=110.050 Y=-187.400 Z=49.759,X=150.000 Y=-560.000 Z=60.000,374.875291,X=1.000 Y=0.000 Z=0.000
0.066278,X=110.050 Y=-187.400 Z=49.759,X=150.000 Y=-560.000 Z=60.000,374.875291,X=1.000 Y=0.000 Z=0.000
0.067218,X=110.050 Y=-187.400 Z=49.759,X=150.000 Y=-560.000 Z=60.000,374.875291,X=1.000 Y=0.000 Z=0.000
0.066712,X=110.050 Y=-187.400 Z=49.759,X=150.000 Y=-560.000 Z=60.000,374.875291,X=1.000 Y=0.000 Z=0.000
0.066672,X=110.050 Y=-187.400 Z=49.759,X=150.000 Y=-560.000 Z=60.000,374.875291,X=1.000 Y=0.000 Z=0.000
0.066357,X=110.050 Y=-187.400 Z=49.759,X=150.000 Y=-560.000 Z=60.000,374.875291,X=1.000 Y=0.000 Z=0.000
0.066805,X=110.050 Y=-187.400 Z=49.759,X=150.000 Y=-560.000 Z=60.000,374.875291,X=1.000 Y=0.000 Z=0.000
0.066853,X=110.050 Y=-187.400 Z=49.759,X=150.000 Y=-560.000 Z=60.000,374.875291,X=1.000 Y=0.000 Z=0.000
0.073693,X=110.050 Y=-187.400 Z=49.759,X=150.000 Y=-560.000 Z=60.000,374.875291,X=1.000 Y=0.000 Z=0.000
0.058997,X=110.050 Y=-187.400 Z=49.759,X=150.000 Y=-560.000 Z=60.000,374.875291,X=1.000 Y=0.000 Z=0.000
0.066622,X=110.050 Y=-187.400 Z=49.759,X=150.000 Y=-560.000 Z=60.000,374.875291,X=1.000 Y=0.000 Z=0.000
0.067072,X=110.050 Y=-187.400 Z=49.759,X=150.000 Y=-560.000 Z=60.000,374.875291,X=1.000 Y=0.000 Z=0.000
0.066373,X=110.050 Y=-187.400 Z=49.759,X=150.000 Y=-560.000 Z=60.000,374.875291,X=1.000 Y=0.000 Z=0.000
0.067172,X=110.050 Y=-187.400 Z=49.759,X=150.000 Y=-560.000 Z=60.000,374.875291,X=1.000 Y=0.000 Z=0.000
0.084992,X=110.050 Y=-187.400 Z=49.759,X=150.000 Y=-560.000 Z=60.000,374.875291,X=1.000 Y=0.000 Z=0.000
0.048172,X=110.050 Y=-187.400 Z=49.759,X=150.000 Y=-560.000 Z=60.000,374.875291,X=1.000 Y=0.000 Z=0.000
0.066723,X=110.050 Y=-187.400 Z=49.759,X=150.000 Y=-560.000 Z=60.000,374.875291,X=1.000 Y=0.000 Z=0.000
0.066642,X=110.050 Y=-187.400 Z=49.759,X=150.000 Y=-560.000 Z=60.000,374.875291,X=1.000 Y=0.000 Z=0.000
0.066557,X=110.050 Y=-187.400 Z=49.759,X=150.000 Y=-560.000 Z=60.000,374.875291,X=1.000 Y=0.000 Z=0.000
0.06683,X=110.050 Y=-187.400 Z=49.759,X=150.000 Y=-560.000 Z=60.000,374.875291,X=1.000 Y=0.000 Z=0.000
0.068157,X=110.050 Y=-187.400 Z=49.759,X=150.000 Y=-560.000 Z=60.000,374.875291,X=1.000 Y=0.000 Z=0.000
0.075116,X=110.050 Y=-187.400 Z=49.759,X=150.000 Y=-560.000 Z=60.000,374.875291,X=1.000 Y=0.000 Z=0.000
0.056504,X=110.050 Y=-187.400 Z=49.759,X=150.000 Y=-560.000 Z=60.000,374.875291,X=1.000 Y=0.000 Z=0.000
0.067067,X=110.050 Y=-187.400 Z=49.759,X=150.000 Y=-560.000 Z=60.000,374.875291,X=1.000 Y=0.000 Z=0.000
0.066454,X=110.050 Y=-187.400 Z=49.759,X=150.000 Y=-560.000 Z=60.000,374.875291,X=1.000 Y=0.000 Z=0.000
0.066496,X=110.050 Y=-187.400 Z=49.759,X=150.000 Y=-560.000 Z=60.000,374.875291,X=1.000 Y=0.000 Z=0.000
0.066387,X=110.050 Y=-187.400 Z=49.759,X=150.000 Y=-560.000 Z=60.000,374.875291,X=1.000 Y=0.000 Z=0.000
0.066657,X=110.050 Y=-187.400 Z=49.759,X=150.000 Y=-560.000 Z=60.000,374.875291,X=1.000 Y=0.000 Z=0.000
0.072132,X=110.050 Y=-187.400 Z=49.759,X=150.000 Y=-560.000 Z=60.000,374.875291,X=1.000 Y=0.000 Z=0.000
0.061285,X=110.050 Y=-187.400 Z=49.759,X=150.000 Y=-560.000 Z=60.000,374.875291,X=1.000 Y=0.000 Z=0.000
0.067296,X=110.050 Y=-187.400 Z=49.759,X=150.000 Y=-560.000 Z=60.000,374.875291,X=1.000 Y=0.000 Z=0.000
0.066491,X=110.050 Y=-187.400 Z=49.759,X=150.000 Y=-560.000 Z=60.000,374.875291,X=1.000 Y=0.000 Z=0.000
0.066732,X=110.050 Y=-187.400 Z=49.759,X=150.000 Y=-560.000 Z=60.000,374.875291,X=1.000 Y=0.000 Z=0.000
0.066855,X=110.050 Y=-187.400 Z=49.759,X=150.000 Y=-560.000 Z=60.000,374.875291,X=1.000 Y=0.000 Z=0.000
0.066399,X=110.050 Y=-187.400 Z=49.759,X=150.000 Y=-560.000 Z=60.000,374.875291,X=1.000 Y=0.000 Z=0.000
0.066122,X=110.050 Y=-187.400 Z=49.759,X=150.000 Y=-560.000 Z=60.000,374.875291,X=1.000 Y=0.000 Z=0.000
0.067229,X=110.050 Y=-187.400 Z=49.759,X=150.000 Y=-560.000 Z=60.000,374.875291,X=1.000 Y=0.000 Z=0.000
0.066272,X=110.050 Y=-187.400 Z=49.759,X=150.000 Y=-560.000 Z=60.000,374.875291,X=1.000 Y=0.000 Z=0.000
0.067046,X=110.050 Y=-187.400 Z=49.759,X=150.000 Y=-560.000 Z=60.000,374.875291,X=1.000 Y=0.000 Z=0.000
0.065861,X=110.050 Y=-187.400 Z=49.759,X=150.000 Y=-560.000 Z=60.000,374.875291,X=1.000 Y=0.000 Z=0.000
0.066752,X=110.050 Y=-187.400 Z=49.759,X=150.000 Y=-560.000 Z=60.000,374.875291,X=1.000 Y=0.000 Z=0.000
0.067265,X=110.050 Y=-187.400 Z=49.759,X=150.000 Y=-560.000 Z=60.000,374.875291,X=1.000 Y=0.000 Z=0.000
0.066254,X=110.050 Y=-187.400 Z=49.759,X=150.000 Y=-560.000 Z=60.000,374.875291,X=1.000 Y=0.000 Z=0.000
0.067224,X=110.050 Y=-187.400 Z=49.759,X=150.000 Y=-560.000 Z=60.000,374.875291,X=1.000 Y=0.000 Z=0.000
0.065971,X=110.050 Y=-187.400 Z=49.759,X=150.000 Y=-560.000 Z=60.000,374.875291,X=1.000 Y=0.000 Z=0.000
0.067065,X=110.050 Y=-187.400 Z=49.759,X=150.000 Y=-560.000 Z=60.000,374.875291,X=1.000 Y=0.000 Z=0.000
0.066926,X=110.050 Y=-187.400 Z=49.759,X=150.000 Y=-560.000 Z=60.000,374.875291,X=1.000 Y=0.000 Z=0.000
0.066604,X=110.050 Y=-187.400 Z=49.759,X=150.000 Y=-560.000 Z=60.000,374.875291,X=1.000 Y=0.000 Z=0.000
0.066438,X=110.050 Y=-187.400 Z=49.759,X=150.000 Y=-560.000 Z=60.000,374.875291,X=1.000 Y=0.000 Z=0.000
0.066942,X=110.050 Y=-187.400 Z=49.759,X=150.000 Y=-560.000 Z=60.000,374.875291,X=1.000 Y=0.000 Z=0.000
0.06663,X=110.050 Y=-187.400 Z=49.759,X=150.000 Y=-560.000 Z=60.000,374.875291,X=1.000 Y=0.000 Z=0.000
0.066374,X=110.050 Y=-187.400 Z=49.759,X=150.000 Y=-560.000 Z=60.000,374.875291,X=1.000 Y=0.000 Z=0.000
0.066852,X=110.050 Y=-187.400 Z=49.759,X=150.000 Y=-560.000 Z=60.000,374.875291,X=1.000 Y=0.000 Z=0.000
0.066788,X=110.050 Y=-187.400 Z=49.759,X=150.000 Y=-560.000 Z=60.000,374.875291,X=1.000 Y=0.000 Z=0.000
0.066721,X=110.050 Y=-187.400 Z=49.759,X=150.000 Y=-560.000 Z=60.000,374.875291,X=1.000 Y=0.000 Z=0.000
0.066513,X=110.050 Y=-187.400 Z=49.759,X=150.000 Y=-560.000 Z=60.000,374.875291,X=1.000 Y=0.000 Z=0.000
0.066566,X=110.050 Y=-187.400 Z=49.759,X=150.000 Y=-560.000 Z=60.000,374.875291,X=1.000 Y=0.000 Z=0.000
0.066544,X=110.050 Y=-187.400 Z=49.759,X=150.000 Y=-560.000 Z=60.000,374.875291,X=1.000 Y=0.000 Z=0.000
0.066776,X=110.050 Y=-187.400 Z=49.759,X=150.000 Y=-560.000 Z=60.000,374.875291,X=1.000 Y=0.000 Z=0.000
0.066469,X=110.050 Y=-187.400 Z=49.759,X=150.000 Y=-560.000 Z=60.000,374.875291,X=1.000 Y=0.000 Z=0.000
0.067401,X=110.050 Y=-187.400 Z=49.759,X=150.000 Y=-560.000 Z=60.000,374.875291,X=1.000 Y=0.000 Z=0.000
0.066419,X=110.050 Y=-187.400 Z=49.759,X=150.000 Y=-560.000 Z=60.000,374.875291,X=1.000 Y=0.000 Z=0.000
0.066807,X=110.050 Y=-187.400 Z=49.759,X=150.000 Y=-560.000 Z=60.000,374.875291,X=1.000 Y=0.000 Z=0.000
0.066614,X=110.050 Y=-187.400 Z=49.759,X=150.000 Y=-560.000 Z=60.000,374.875291,X=1.000 Y=0.000 Z=0.000
0.06658,X=110.050 Y=-187.400 Z=49.759,X=150.000 Y=-560.000 Z=60.000,374.875291,X=1.000 Y=0.000 Z=0.000
0.066375,X=110.050 Y=-187.400 Z=49.759,X=150.000 Y=-560.000 Z=60.000,374.875291,X=1.000 Y=0.000 Z=0.000
0.066853,X=110.050 Y=-187.400 Z=49.759,X=150.000 Y=-560.000 Z=60.000,374.875291,X=1.000 Y=0.000 Z=0.000
0.066669,X=110.050 Y=-187.400 Z=49.759,X=150.000 Y=-560.000 Z=60.000,374.875291,X=1.000 Y=0.000 Z=0.000
0.066518,X=110.050 Y=-187.400 Z=49.759,X=150.000 Y=-560.000 Z=60.000,374.875291,X=1.000 Y=0.000 Z=0.000
0.066449,X=110.050 Y=-187.400 Z=49.759,X=150.000 Y=-560.000 Z=60.000,374.875291,X=1.000 Y=0.000 Z=0.000
0.066463,X=110.050 Y=-187.400 Z=49.759,X=150.000 Y=-560.000 Z=60.000,374.875291,X=1.000 Y=0.000 Z=0.000
0.066479,X=110.050 Y=-187.400 Z=49.759,X=150.000 Y=-560.000 Z=60.000,374.875291,X=1.000 Y=0.000 Z=0.000
0.067036,X=110.050 Y=-187.400 Z=49.759,X=150.000 Y=-560.000 Z=60.000,374.875291,X=1.000 Y=0.000 Z=0.000
0.066529,X=110.050 Y=-187.400 Z=49.759,X=150.000 Y=-560.000 Z=60.000,374.875291,X=1.000 Y=0.000 Z=0.000
0.066897,X=110.050 Y=-187.400 Z=49.759,X=150.000 Y=-560.000 Z=60.000,374.875291,X=1.000 Y=0.000 Z=0.000
0.066512,X=110.050 Y=-187.400 Z=49.759,X=150.000 Y=-560.000 Z=60.000,374.875291,X=1.000 Y=0.000 Z=0.000
0.066852,X=110.050 Y=-187.400 Z=49.759,X=150.000 Y=-560.000 Z=60.000,374.875291,X=1.000 Y=0.000 Z=0.000
0.066702,X=110.050 Y=-187.400 Z=49.759,X=150.000 Y=-560.000 Z=60.000,374.875291,X=1.000 Y=0.000 Z=0.000
0.066308,X=110.050 Y=-187.400 Z=49.759,X=150.000 Y=-560.000 Z=60.000,374.875291,X=1.000 Y=0.000 Z=0.000
0.067077,X=110.050 Y=-187.400 Z=49.759,X=150.000 Y=-560.000 Z=60.000,374.875291,X=1.000 Y=0.000 Z=0.000
0.12621,X=110.050 Y=-187.400 Z=49.759,X=150.000 Y=-560.000 Z=60.000,374.875291,X=1.000 Y=0.000 Z=0.000
0.054769,X=110.050 Y=-187.400 Z=49.759,X=150.000 Y=-560.000 Z=60.000,374.875291,X=1.000 Y=0.000 Z=0.000
0.019554,X=110.050 Y=-187.400 Z=49.759,X=150.000 Y=-560.000 Z=60.000,374.875291,X=1.000 Y=0.000 Z=0.000
0.067192,X=110.050 Y=-187.400 Z=49.759,X=150.000 Y=-560.000 Z=60.000,374.875291,X=1.000 Y=0.000 Z=0.000
0.066412,X=110.050 Y=-187.400 Z=49.759,X=150.000 Y=-560.000 Z=60.000,374.875291,X=1.000 Y=0.000 Z=0.000
0.066859,X=110.050 Y=-187.400 Z=49.759,X=150.000 Y=-560.000 Z=60.000,374.875291,X=1.000 Y=0.000 Z=0.000
0.066596,X=110.050 Y=-187.400 Z=49.759,X=150.000 Y=-560.000 Z=60.000,374.875291,X=1.000 Y=0.000 Z=0.000
0.066104,X=110.050 Y=-187.400 Z=49.759,X=150.000 Y=-560.000 Z=60.000,374.875291,X=1.000 Y=0.000 Z=0.000
0.067327,X=110.050 Y=-187.400 Z=49.759,X=150.000 Y=-560.000 Z=60.000,374.875291,X=1.000 Y=0.000 Z=0.000
0.066032,X=110.050 Y=-187.400 Z=49.759,X=150.000 Y=-560.000 Z=60.000,374.875291,X=1.000 Y=0.000 Z=0.000
0.067543,X=110.050 Y=-187.400 Z=49.759,X=150.000 Y=-560.000 Z=60.000,374.875291,X=1.000 Y=0.000 Z=0.000
0.066716,X=110.050 Y=-187.400 Z=49.759,X=150.000 Y=-560.000 Z=60.000,374.875291,X=1.000 Y=0.000 Z=0.000
0.066016,X=110.050 Y=-187.400 Z=49.759,X=150.000 Y=-560.000 Z=60.000,374.875291,X=1.000 Y=0.000 Z=0.000
0.066739,X=110.050 Y=-187.400 Z=49.759,X=150.000 Y=-560.000 Z=60.000,374.875291,X=1.000 Y=0.000 Z=0.000
0.066912,X=110.050 Y=-187.400 Z=49.759,X=150.000 Y=-560.000 Z=60.000,374.875291,X=1.000 Y=0.000 Z=0.000
0.066473,X=110.050 Y=-187.400 Z=49.759,X=150.000 Y=-560.000 Z=60.000,374.875291,X=1.000 Y=0.000 Z=0.000
0.066931,X=110.050 Y=-187.400 Z=49.759,X=150.000 Y=-560.000 Z=60.000,374.875291,X=1.000 Y=0.000 Z=0.000
0.066434,X=110.050 Y=-187.400 Z=49.759,X=150.000 Y=-560.000 Z=60.000,374.875291,X=1.000 Y=0.000 Z=0.000
0.066994,X=110.050 Y=-187.400 Z=49.759,X=150.000 Y=-560.000 Z=60.000,374.875291,X=1.000 Y=0.000 Z=0.000
0.066551,X=110.050 Y=-187.400 Z=49.759,X=150.000 Y=-560.000 Z=60.000,374.875291,X=1.000 Y=0.000 Z=0.000
0.066542,X=110.050 Y=-187.400 Z=49.759,X=150.000 Y=-560.000 Z=60.000,374.875291,X=1.000 Y=0.000 Z=0.000
0.06634,X=110.050 Y=-187.400 Z=49.759,X=150.000 Y=-560.000 Z=60.000,374.875291,X=1.000 Y=0.000 Z=0.000
0.066756,X=110.050 Y=-187.400 Z=49.759,X=150.000 Y=-560.000 Z=60.000,374.875291,X=1.000 Y=0.000 Z=0.000
0.066972,X=110.050 Y=-187.400 Z=49.759,X=150.000 Y=-560.000 Z=60.000,374.875291,X=1.000 Y=0.000 Z=0.000
0.066273,X=110.050 Y=-187.400 Z=49.759,X=150.000 Y=-560.000 Z=60.000,374.875291,X=1.000 Y=0.000 Z=0.000
0.066781,X=110.050 Y=-187.400 Z=49.759,X=150.000 Y=-560.000 Z=60.000,374.875291,X=1.000 Y=0.000 Z=0.000
0.066853,X=110.050 Y=-187.400 Z=49.759,X=150.000 Y=-560.000 Z=60.000,374.875291,X=1.000 Y=0.000 Z=0.000
0.066643,X=110.050 Y=-187.400 Z=49.759,X=150.000 Y=-560.000 Z=60.000,374.875291,X=1.000 Y=0.000 Z=0.000
0.066502,X=110.050 Y=-187.400 Z=49.759,X=150.000 Y=-560.000 Z=60.000,374.875291,X=1.000 Y=0.000 Z=0.000
0.066501,X=110.050 Y=-187.400 Z=49.759,X=150.000 Y=-560.000 Z=60.000,374.875291,X=1.000 Y=0.000 Z=0.000
0.06666,X=110.050 Y=-187.400 Z=49.759,X=150.000 Y=-560.000 Z=60.000,374.875291,X=1.000 Y=0.000 Z=0.000
0.06627,X=110.050 Y=-187.400 Z=49.759,X=150.000 Y=-560.000 Z=60.000,374.875291,X=1.000 Y=0.000 Z=0.000
0.067182,X=110.050 Y=-187.400 Z=49.759,X=150.000 Y=-560.000 Z=60.000,374.875291,X=1.000 Y=0.000 Z=0.000
0.066618,X=110.050 Y=-187.400 Z=49.759,X=150.000 Y=-560.000 Z=60.000,374.875291,X=1.000 Y=0.000 Z=0.000
0.066982,X=110.050 Y=-187.400 Z=49.759,X=150.000 Y=-560.000 Z=60.000,374.875291,X=1.000 Y=0.000 Z=0.000
0.066205,X=110.050 Y=-187.400 Z=49.759,X=150.000 Y=-560.000 Z=60.000,374.875291,X=1.000 Y=0.000 Z=0.000
0.067294,X=110.050 Y=-187.400 Z=49.759,X=150.000 Y=-560.000 Z=60.000,374.875291,X=1.000 Y=0.000 Z=0.000
0.065964,X=110.050 Y=-187.400 Z=49.759,X=150.000 Y=-560.000 Z=60.000,374.875291,X=1.000 Y=0.000 Z=0.000
0.066639,X=110.050 Y=-187.400 Z=49.759,X=150.000 Y=-560.000 Z=60.000,374.875291,X=1.000 Y=0.000 Z=0.000
0.066644,X=110.050 Y=-187.400 Z=49.759,X=150.000 Y=-560.000 Z=60.000,374.875291,X=1.000 Y=0.000 Z=0.000
0.067248,X=110.050 Y=-187.400 Z=49.759,X=150.000 Y=-560.000 Z=60.000,374.875291,X=1.000 Y=0.000 Z=0.000
0.066403,X=110.050 Y=-187.400 Z=49.759,X=150.000 Y=-560.000 Z=60.000,374.875291,X=1.000 Y=0.000 Z=0.000
0.066815,X=110.050 Y=-187.400 Z=49.759,X=150.000 Y=-560.000 Z=60.000,374.875291,X=1.000 Y=0.000 Z=0.000
0.066561,X=110.050 Y=-187.400 Z=49.759,X=150.000 Y=-560.000 Z=60.000,374.875291,X=1.000 Y=0.000 Z=0.000
0.0667,X=110.050 Y=-187.400 Z=49.759,X=150.000 Y=-560.000 Z=60.000,374.875291,X=1.000 Y=0.000 Z=0.000
0.066489,X=110.050 Y=-187.400 Z=49.759,X=150.000 Y=-560.000 Z=60.000,374.875291,X=1.000 Y=0.000 Z=0.000
0.066653,X=110.050 Y=-187.400 Z=49.759,X=150.000 Y=-560.000 Z=60.000,374.875291,X=1.000 Y=0.000 Z=0.000
0.066894,X=110.050 Y=-187.400 Z=49.759,X=150.000 Y=-560.000 Z=60.000,374.875291,X=1.000 Y=0.000 Z=0.000
0.066324,X=110.050 Y=-187.400 Z=49.759,X=150.000 Y=-560.000 Z=60.000,374.875291,X=1.000 Y=0.000 Z=0.000
0.066791,X=110.050 Y=-187.400 Z=49.759,X=150.000 Y=-560.000 Z=60.000,374.875291,X=1.000 Y=0.000 Z=0.000
0.066937,X=110.050 Y=-187.400 Z=49.759,X=150.000 Y=-560.000 Z=60.000,374.875291,X=1.000 Y=0.000 Z=0.000
0.066532,X=110.050 Y=-187.400 Z=49.759,X=150.000 Y=-560.000 Z=60.000,374.875291,X=1.000 Y=0.000 Z=0.000
0.066463,X=110.050 Y=-187.400 Z=49.759,X=150.000 Y=-560.000 Z=60.000,374.875291,X=1.000 Y=0.000 Z=0.000
0.067093,X=110.050 Y=-187.400 Z=49.759,X=150.000 Y=-560.000 Z=60.000,374.875291,X=1.000 Y=0.000 Z=0.000
0.066283,X=110.050 Y=-187.400 Z=49.759,X=150.000 Y=-560.000 Z=60.000,374.875291,X=1.000 Y=0.000 Z=0.000
0.070733,X=110.050 Y=-187.400 Z=49.759,X=150.000 Y=-560.000 Z=60.000,374.875291,X=1.000 Y=0.000 Z=0.000
0.062897,X=110.050 Y=-187.400 Z=49.759,X=150.000 Y=-560.000 Z=60.000,374.875291,X=1.000 Y=0.000 Z=0.000
0.066299,X=110.050 Y=-187.400 Z=49.759,X=150.000 Y=-560.000 Z=60.000,374.875291,X=1.000 Y=0.000 Z=0.000
0.070656,X=110.050 Y=-187.400 Z=49.759,X=150.000 Y=-560.000 Z=60.000,374.875291,X=1.000 Y=0.000 Z=0.000
0.062978,X=110.050 Y=-187.400 Z=49.759,X=150.000 Y=-560.000 Z=60.000,374.875291,X=1.000 Y=0.000 Z=0.000
0.066421,X=110.050 Y=-187.400 Z=49.759,X=150.000 Y=-560.000 Z=60.000,374.875291,X=1.000 Y=0.000 Z=0.000
0.067168,X=110.050 Y=-187.400 Z=49.759,X=150.000 Y=-560.000 Z=60.000,374.875291,X=1.000 Y=0.000 Z=0.000
0.066601,X=110.050 Y=-187.400 Z=49.759,X=150.000 Y=-560.000 Z=60.000,374.875291,X=1.000 Y=0.000 Z=0.000
0.066516,X=110.050 Y=-187.400 Z=49.759,X=150.000 Y=-560.000 Z=60.000,374.875291,X=1.000 Y=0.000 Z=0.000
0.066847,X=110.050 Y=-187.400 Z=49.759,X=150.000 Y=-560.000 Z=60.000,374.875291,X=1.000 Y=0.000 Z=0.000
0.066616,X=110.050 Y=-187.400 Z=49.759,X=150.000 Y=-560.000 Z=60.000,374.875291,X=1.000 Y=0.000 Z=0.000
0.066735,X=110.050 Y=-187.400 Z=49.759,X=150.000 Y=-560.000 Z=60.000,374.875291,X=1.000 Y=0.000 Z=0.000
0.066624,X=110.050 Y=-187.400 Z=49.759,X=150.000 Y=-560.000 Z=60.000,374.875291,X=1.000 Y=0.000 Z=0.000
0.06681,X=110.050 Y=-187.400 Z=49.759,X=150.000 Y=-560.000 Z=60.000,374.875291,X=1.000 Y=0.000 Z=0.000
0.066099,X=110.050 Y=-187.400 Z=49.759,X=150.000 Y=-560.000 Z=60.000,374.875291,X=1.000 Y=0.000 Z=0.000
0.066621,X=110.050 Y=-187.400 Z=49.759,X=150.000 Y=-560.000 Z=60.000,374.875291,X=1.000 Y=0.000 Z=0.000
0.067105,X=110.050 Y=-187.400 Z=49.759,X=150.000 Y=-560.000 Z=60.000,374.875291,X=1.000 Y=0.000 Z=0.000
0.067662,X=110.050 Y=-187.400 Z=49.759,X=150.000 Y=-560.000 Z=60.000,374.875291,X=1.000 Y=0.000 Z=0.000
0.06494,X=110.050 Y=-187.400 Z=49.759,X=150.000 Y=-560.000 Z=60.000,374.875291,X=1.000 Y=0.000 Z=0.000
0.067171,X=110.050 Y=-187.400 Z=49.759,X=150.000 Y=-560.000 Z=60.000,374.875291,X=1.000 Y=0.000 Z=0.000
0.066666,X=110.050 Y=-187.400 Z=49.759,X=150.000 Y=-560.000 Z=60.000,374.875291,X=1.000 Y=0.000 Z=0.000
0.066865,X=110.050 Y=-187.400 Z=49.759,X=150.000 Y=-560.000 Z=60.000,374.875291,X=1.000 Y=0.000 Z=0.000
0.066727,X=110.050 Y=-187.400 Z=49.759,X=150.000 Y=-560.000 Z=60.000,374.875291,X=1.000 Y=0.000 Z=0.000
0.066235,X=110.050 Y=-187.400 Z=49.759,X=150.000 Y=-560.000 Z=60.000,374.875291,X=1.000 Y=0.000 Z=0.000
0.067417,X=110.050 Y=-187.400 Z=49.759,X=150.000 Y=-560.000 Z=60.000,374.875291,X=1.000 Y=0.000 Z=0.000
0.065884,X=110.050 Y=-187.400 Z=49.759,X=150.000 Y=-560.000 Z=60.000,374.875291,X=1.000 Y=0.000 Z=0.000
0.066748,X=110.050 Y=-187.400 Z=49.759,X=150.000 Y=-560.000 Z=60.000,374.875291,X=1.000 Y=0.000 Z=0.000
0.066917,X=110.050 Y=-187.400 Z=49.759,X=150.000 Y=-560.000 Z=60.000,374.875291,X=1.000 Y=0.000 Z=0.000
0.066923,X=110.050 Y=-187.400 Z=49.759,X=150.000 Y=-560.000 Z=60.000,374.875291,X=1.000 Y=0.000 Z=0.000
0.065996,X=110.050 Y=-187.400 Z=49.759,X=150.000 Y=-560.000 Z=60.000,374.875291,X=1.000 Y=0.000 Z=0.000
0.067061,X=110.050 Y=-187.400 Z=49.759,X=150.000 Y=-560.000 Z=60.000,374.875291,X=1.000 Y=0.000 Z=0.000
0.066845,X=110.050 Y=-187.400 Z=49.759,X=150.000 Y=-560.000 Z=60.000,374.875291,X=1.000 Y=0.000 Z=0.000
0.06617,X=110.050 Y=-187.400 Z=49.759,X=150.000 Y=-560.000 Z=60.000,374.875291,X=1.000 Y=0.000 Z=0.000
0.06713,X=110.050 Y=-187.400 Z=49.759,X=150.000 Y=-560.000 Z=60.000,374.875291,X=1.000 Y=0.000 Z=0.000
0.066373,X=110.050 Y=-187.400 Z=49.759,X=150.000 Y=-560.000 Z=60.000,374.875291,X=1.000 Y=0.000 Z=0.000
0.066385,X=110.050 Y=-187.400 Z=49.759,X=150.000 Y=-560.000 Z=60.000,374.875291,X=1.000 Y=0.000 Z=0.000
0.06695,X=110.050 Y=-187.400 Z=49.759,X=150.000 Y=-560.000 Z=60.000,374.875291,X=1.000 Y=0.000 Z=0.000
0.067028,X=110.050 Y=-187.400 Z=49.759,X=150.000 Y=-560.000 Z=60.000,374.875291,X=1.000 Y=0.000 Z=0.000
0.06616,X=110.050 Y=-187.400 Z=49.759,X=150.000 Y=-560.000 Z=60.000,374.875291,X=1.000 Y=0.000 Z=0.000
0.066939,X=110.050 Y=-187.400 Z=49.759,X=150.000 Y=-560.000 Z=60.000,374.875291,X=1.000 Y=0.000 Z=0.000
0.066744,X=110.050 Y=-187.400 Z=49.759,X=150.000 Y=-560.000 Z=60.000,374.875291,X=1.000 Y=0.000 Z=0.000
0.066648,X=110.050 Y=-187.400 Z=49.759,X=150.000 Y=-560.000 Z=60.000,374.875291,X=1.000 Y=0.000 Z=0.000
0.066085,X=110.050 Y=-187.400 Z=49.759,X=150.000 Y=-560.000 Z=60.000,374.875291,X=1.000 Y=0.000 Z=0.000
0.067205,X=110.050 Y=-187.400 Z=49.759,X=150.000 Y=-560.000 Z=60.000,374.875291,X=1.000 Y=0.000 Z=0.000
0.066164,X=110.050 Y=-187.400 Z=49.759,X=150.000 Y=-560.000 Z=60.000,374.875291,X=1.000 Y=0.000 Z=0.000
0.066758,X=110.050 Y=-187.400 Z=49.759,X=150.000 Y=-560.000 Z=60.000,374.875291,X=1.000 Y=0.000 Z=0.000
0.066976,X=110.050 Y=-187.400 Z=49.759,X=150.000 Y=-560.000 Z=60.000,374.875291,X=1.000 Y=0.000 Z=0.000
0.066548,X=110.050 Y=-187.400 Z=49.759,X=150.000 Y=-560.000 Z=60.000,374.875291,X=1.000 Y=0.000 Z=0.000
0.066998,X=110.050 Y=-187.400 Z=49.759,X=150.000 Y=-560.000 Z=60.000,374.875291,X=1.000 Y=0.000 Z=0.000
0.066221,X=110.050 Y=-187.400 Z=49.759,X=150.000 Y=-560.000 Z=60.000,374.875291,X=1.000 Y=0.000 Z=0.000
0.066891,X=110.050 Y=-187.400 Z=49.759,X=150.000 Y=-560.000 Z=60.000,374.875291,X=1.000 Y=0.000 Z=0.000
0.066497,X=110.050 Y=-187.400 Z=49.759,X=150.000 Y=-560.000 Z=60.000,374.875291,X=1.000 Y=0.000 Z=0.000
0.066832,X=110.050 Y=-187.400 Z=49.759,X=150.000 Y=-560.000 Z=60.000,374.875291,X=1.000 Y=0.000 Z=0.000
0.066444,X=110.050 Y=-187.400 Z=49.759,X=150.000 Y=-560.000 Z=60.000,374.875291,X=1.000 Y=0.000 Z=0.000
0.066895,X=110.050 Y=-187.400 Z=49.759,X=150.000 Y=-560.000 Z=60.000,374.875291,X=1.000 Y=0.000 Z=0.000
0.066731,X=110.050 Y=-187.400 Z=49.759,X=150.000 Y=-560.000 Z=60.000,374.875291,X=1.000 Y=0.000 Z=0.000
0.066455,X=110.050 Y=-187.400 Z=49.759,X=150.000 Y=-560.000 Z=60.000,374.875291,X=1.000 Y=0.000 Z=0.000
0.066487,X=110.050 Y=-187.400 Z=49.759,X=150.000 Y=-560.000 Z=60.000,374.875291,X=1.000 Y=0.000 Z=0.000
0.066649,X=110.050 Y=-187.400 Z=49.759,X=150.000 Y=-560.000 Z=60.000,374.875291,X=1.000 Y=0.000 Z=0.000
0.066895,X=110.050 Y=-187.400 Z=49.759,X=150.000 Y=-560.000 Z=60.000,374.875291,X=1.000 Y=0.000 Z=0.000
0.067138,X=110.050 Y=-187.400 Z=49.759,X=150.000 Y=-560.000 Z=60.000,374.875291,X=1.000 Y=0.000 Z=0.000
0.066387,X=110.050 Y=-187.400 Z=49.759,X=150.000 Y=-560.000 Z=60.000,374.875291,X=1.000 Y=0.000 Z=0.000
